nid_en,nid,tnid,type,title,field_heading,body,field_featured_article,field_category,field_global_taxonomy,field_headline,language,fid,filename,field_image,field_image_alt,field_image_title,field_premium_content,field_sub_headline,user_id,author,created,updated,field_weight,alias_path,promote,status,sticky
303,326,303,Blog Posts,Los Cinco Mejores Load Boards Que Todo Camionero Debe Conocer,Los Cinco Mejores Load Boards Que Todo Camionero Debe Conocer,"<p>Si usted es nuevo al transporte por carretera, la cantidad de load boards disponibles en la Internet puede parecerle abrumador. El encontrar boards asequibles que generen cargas bien remuneradas para su empresa puede requerir tiempo e investigaci√≥n.</p>

<p>Un buen comienzo es el familiarizarse con los cinco servicios que re√∫nen cargas con transportistas que dominan el saturado mercado de load boards digitales. Lo que sigue son res√∫menes sobre los servicios, precios y accesibilidad de cada uno de estos gigantes de los load boards.</p>


<h2>DAT</h2>

<p>Por mucho el mayor y m√°s antiguo proveedor de load boards para camiones, <a href=""http://www.dat.com"">DAT Solutions</a> opera tres populares boards: DAT Power, DAT Express y DAT TruckersEdge. A principios de este a√±o, DAT ampli√≥ su presencia al fusionarse con <a href=""http://www.getloaded.com"">GetLoaded</a>, otro load board l√≠der. Combinados, los boards de DAT publican un promedio de m√°s de 485,000 cargas cada d√≠a laboral y tienen una base de datos de m√°s de 1.3 millones de camiones.</p>

<p>DAT Power es un load board en vivo que le permite ver cargas, camiones y transacciones en tiempo real. El board proporciona informaci√≥n sobre tarifas de carga en 65,000 rutas basado en transacciones reales, no en licitaciones. DAT Power tambi√©n brinda una garant√≠a de pago que cubre pagos de hasta $1,000 por carga.</p>

<p>DAT Express est√° orientado hacia agentes de transporte peque√±os y flotas en crecimiento, y permite hacer b√∫squedas de carga y enliste de camiones ilimitados. El board genera alertas cuando nuevos listados coinciden con su b√∫squeda, y sugiere rutas triangulares que lo ayudan a eliminar millas muertas. DAT TruckersEdge proporciona a operadores peque√±os y a operadores propietarios acceso al mercado de cargas y camiones de carga m√°s grande de Am√©rica del Norte. El board incluye tarifas promedio pagadas en rutas espec√≠ficas, as√≠ como informaci√≥n sobre el cr√©dito y d√≠as de pago de miles de agentes de transporte.</p>

<p><strong>Pricing</strong></p>

<p>DAT Power, que cuenta con la tecnolog√≠a m√°s avanzada en materia de flete, comienza a $149 por mes. DAT Express cuesta $109 mensuales para el paquete de agentes y $99 para los operadores. DAT TruckersEdge tiene un precio de $34.95 a $49.95 por mes. Tambi√©n puede listar sus camiones en TruckersEdge de forma gratuita.</p>

<p><strong>¬øHay una aplicaci√≥n m√≥vil?</strong></p>

<p>Cada uno de los load boards de DAT proporciona acceso a la aplicaci√≥n m√≥vil DAT Load Board for Truckers en Google Play o en App Store de Apple. La aplicaci√≥n tiene una calificaci√≥n de 4.1 estrellas en Google Play.</p>

<h2>Truckstop.com</h2>

<p>Com√∫nmente conocido como ""Internet Truckstop,"" este load board se lanz√≥ en 1995 como el primer mercado de b√∫squeda de cargas en la web. M√°s de 200,000 transportistas, agentes de transporte, y expedidores usan <a href=""https://truckstop.com/"">Truckstop.com</a> para encontrar cargas.</p>

<p>Truckstop.com ofrece tres niveles de load boards para empresas camioneras. Truckstop Pro es un board en vivo con datos en tiempo real y con funciones de b√∫squeda para encontrar las cargas mejor pagadas. Tanto Truckstop Pro como Truckstop Advanced, que es menos costoso, brindan informaci√≥n de cr√©dito y d√≠as de pago de expedidores y agentes. Finalmente, el load board Basic de Truckstop.com ofrece b√∫squedas, publicaciones y resultados que se actualizan cada 60 segundos.</p>

<p><strong>Precios</strong></p>

<p>El paquete Truckstop Pro cuesta $149 por mes. El load board Advanced de segundo nivel cuesta $125 por mes, mientras que el plan Basic cuesta s√≥lo $35 por mes.</p>

<p><strong>¬øHay una aplicaci√≥n m√≥vil?</strong></p>

<p>Los clientes de cualquiera de los tres load boards tienen acceso a la aplicaci√≥n Truckstop Mobile disponible en Google Play o en App Store. La aplicaci√≥n tiene una calificaci√≥n de 3.4 estrellas en Google Play.</p>

<h2>123Loadboard</h2>

<p>El board <a href=""http://www.123loadboard.com"">123Loadboard</a> publica m√°s de 45 millones de cargas cada a√±o y tiene m√°s de 325,000 usuarios. A principios de este a√±o, la plataforma de carga ampli√≥ su audiencia al combinar su tecnolog√≠a en l√≠nea con la compa√±√≠a de software de transporte terrestre TMW Systems.</p>

<p>One advantage of 123Loadboard is that its Premium Plus package costs significantly less than many of the big load boards, at only $55 per month. Both the Premium Plus and Premium load boards provide a load planner, mileage and maps, and credit data on brokers and shippers. The Premium Plus load board accommodates up to three users and includes industry freight rates.</p>

<p><strong>Precios</strong></p>

<p>123Loadboard ofrece una versi√≥n de prueba gratuita por 10 d√≠as en cada una de sus load boards. Una vez que expira ese per√≠odo, el load board Standard cuesta $35 por mes. El paquete Premium cuesta $45 por mes, mientras que Premium Plus cuesta $55 por mes.</p>

<p><strong>¬øHay una aplicaci√≥n m√≥vil?</strong></p>

<p>La aplicaci√≥n m√≥vil 123Loadboard est√° disponible en dispositivos Android o iOS. La aplicaci√≥n tiene una calificaci√≥n de usuario de 4.4 estrellas en Google Play.</p>

<h2>DAT MembersEdge (OOIDA)</h2>

<p>Perteneciente e impulsada por la tecnolog√≠a de DAT Solutions, <a href=""http://www.mymembersedge.com/"">DAT MembersEdge</a> es el load board oficial de la Asociaci√≥n de Conductores Operadores Propietarios Independientes (OOIDA por sus siglas en ingl√©s). El board proporciona a los miembros de OOIDA acceso al mercado norteamericano de listas de cargas y camiones de DAT. Con una suscripci√≥n gratuita por 30 d√≠as y con suscripciones mensuales que empiezan a $31.45, DAT MembersEdge es una alternativa de bajo costo para operadores propietarios que tienen un presupuesto limitado pero que necesitan una amplia red para encontrar buenas cargas. Los suscriptores al board Enhanced obtienen con cada b√∫squeda de carga las tarifas al contado de los agentes de transporte.</p>

<p><strong>Precios</strong></p>

<p>DAT MembersEdge ofrece listados gratuitos. El load board Standard cuesta $31.45 por mes, mientras que el paquete Enhanced cuesta $44.95 por mes.</p>

<p><strong>¬øHay una aplicaci√≥n m√≥vil?</strong></p>

<p>Los suscriptores tienen acceso a la aplicaci√≥n m√≥vil DAT Load Board for Truckers en dispositivos Android o iOS.</p>

<h2>Direct Freight</h2>

<p>Desde 1997, <a href=""https://www.directfreight.com/home/"">Direct Freight Services</a> ha proporcionado servicios de carga en l√≠nea a miles de empresas camioneras. Al igual que 123Loadboard, Direct Freight tambi√©n integra su tecnolog√≠a a la del proveedor de software de gesti√≥n de transporte TMW Systems. Los transportistas u operadores propietarios pueden publicar cargas o camiones en Direct Freight de forma gratuita. Una suscripci√≥n mensual proporciona acceso a informes de cr√©dito, clima, filtros de cargas, planificaci√≥n de rutas, b√∫squedas guardadas, alertas de texto y otras caracter√≠sticas. Puede acceder a la informaci√≥n de carga de Direct Freight a trav√©s del Internet, alertas por correo electr√≥nico y pantallas en paradas de camiones.</p>

<p><strong>Precios</strong></p>

<p>Direct Freight est√° disponible para una prueba gratuita de 15 d√≠as. Una suscripci√≥n al load board cuesta $34.95 por mes.</p>

<p><strong>¬øHay una aplicaci√≥n m√≥vil?</strong></p>

<p>Direct Freight proporciona una vista m√≥vil de su sitio web para su tel√©fono inteligente o tableta.</p>
",0,Business,,,Spanish,778,Truck-Highway-Sunrise.jpg,https://www.rtsinc.com/sites/default/files/Truck-Highway-Sunrise.jpg,,,No,Los Cinco Mejores Load Boards Que Todo Camionero Debe Conocer.,"<a href=""/users/admin"">1</a>",admin,1510950290,1661308129,,/node/326,1,1,0
106,332,106,Blog Posts,Las Mejores Pr√°cticas Para Trabajar Con Load Boards y Agentes de Cargas,Las Mejores Pr√°cticas Para Trabajar Con Load Boards y Agentes de Cargas,"<p>Las cargas rentables son el alma de su empresa camionera. Para poder conseguir cargas con los mejores m√°rgenes consistentemente, el tener conexiones es mucha ayuda. Por eso, es necesario que usted construya una red de fuentes confiables en su industria en lugar de depender de un solo cliente o intermediario para la mayor√≠a de su negocio.</p>
<p>Aqu√≠ hay siete consejos que le dar√°n a su compa√±√≠a una ventaja en el asegurar cargas de calidad:</p>
<p><strong>Trabaje directamente con los expedidores.</strong> Tener sus propios clientes de env√≠o puede ayudarle a obtener mejores tarifas. Esto elimina intermediarios porque usted no est√° trabajando a trav√©s de un agente o load board. El tener clientes de confianza que paguen con prontitud tambi√©n puede reducir el papeleo y los obst√°culos administrativos. Algunos operadores recomiendan que al menos la mitad de sus cargas provengan de clientes directos.</p>
<p><strong>Compare precios de load boards en l√≠nea.</strong> Hay cientos de load boards en Internet. Algunos boards son gratuitos, pero la mayor√≠a cobra una suscripci√≥n mensual. Los boards m√°s grandes y establecidos incluyen DAT, Internet Truckstop y GetLoaded.com. Investigue un poco y encuentre el board que tenga la mayor cantidad de cargas y las mejores tarifas en las rutas en las que su empresa preste servicios. Usar m√°s de un load board es √≥ptimo en t√©rminos de encontrar las mejores cargas a los mejores precios.</p>
<p><strong>Conozca sus precios m√≠nimos.</strong> El propietario de un buen negocio monitorea las finanzas de su empresa y conoce su precio de equilibrio en cualquier momento. Antes de aceptar cargas, tenga en mente una tarifa por milla que garantice que su empresa al menos alcanzar√° el precio de equilibrio. Tener este conocimiento por adelantado puede ahorrarle tiempo valioso en la selecci√≥n de cargas y en la negociaci√≥n de tarifas.</p>
<p><strong>Sea paciente y persistente.</strong> Encontrar una carga que pague una tarifa aceptable y se ajuste a su agenda no es f√°cil. A veces la b√∫squeda puede tomar varias horas y docenas de llamadas telef√≥nicas. Sea selectivo y no se conforme con tarifas bajas o cargas que est√°n en rutas que no desea conducir. Sea profesional pero firme en sus negociaciones con agentes y expedidores. No tenga miedo de alejarse de una carga que no beneficie a su negocio.</p>
<p><strong>Encuentre agentes de confianza. </strong>Al igual que con los load boards, hay muchos agentes de carga o proveedores terceros de log√≠stica (3PL) de los cuales elegir. Tenga cuidado al seleccionar un agente. Algunos retienen los pagos del remitente durante meses mientras atienden otros costos. Otros son ""agentes de telemercadeo glorificados"" que carecen del conocimiento sobre el negocio del transporte por carretera. Sin embargo, los verdaderos agentes y 3PL de confianza desean trabajar con transportistas confiables y pueden ser una fuente valiosa para encontrar cargas de calidad. Antes de trabajar con un agente, verifique sus calificaciones en l√≠nea y solicite referencias personales.</p>
<p><strong>Minimice sus millas de viajes vac√≠os.</strong> Antes de aceptar una carga que pague, digamos, $2.30 o m√°s por milla, calcule cu√°nto le costar√° el viaje de regreso. ¬øEst√° dispuesto a aceptar millas de viaje vac√≠o o hay un env√≠o de devoluci√≥n disponible que har√° que el viaje sea m√°s rentable? Este es un ejemplo que ilustra como el tener una red de expedidores, load boards y agentes puede beneficiar a su negocio de transporte camionero.</p>
<p><strong>Aproveche la escasez de choferes.</strong> Por a√±os ha habido una escasez nacional de choferes comerciales y de camiones. Una econom√≠a en mejor√≠a est√° exprimiendo al mercado m√°s que nunca. Las tarifas promedio por milla para todos los modos de transporte por cami√≥n contin√∫an aumentando y los expedidores esperan que el mercado permanezca dif√≠cil en 2015. Eso significa que debe haber cargas de calidad a precios competitivos para flotas de camiones de todos los tama√±os. El utilizar y comparar varias fuentes puede ayudarle a encontrar cargas que impulsar√°n a su empresa a prosperar en este mercado tan ideal para operadores.</p>
<h2>Las Mejores Maneras de Usar Load Boards en L√≠nea</h2>
<p>Existen muchos load boards para camiones en la Internet. Aqu√≠ hay algunos consejos sobre c√≥mo elegir los boards adecuados para su empresa:</p>
<p><strong>Use m√°s de un board.</strong> Ning√∫n load board tiene toda la informaci√≥n que una empresa camionera necesita. Registrarse en un pu√±ado de boards buenos aumenta sus posibilidades de obtener las mejores cargas.</p>
<p><strong>Cuide sus gastos.</strong> Algunos load boards son gratuitos, pero la mayor√≠a cobra una tarifa de suscripci√≥n. No debe pagar m√°s de $30 por mes para acceder a un load board.</p>
<p><strong>Publique el perfil de su empresa. </strong>Esta es la mejor forma de que los expedidores que visitan los load boards encuentren su empresa. Puede atraerlos con informaci√≥n sobre el tama√±o de su flota, base de operaciones, tipos de carga que transporta y qu√© tan lejos desea conducir.</p>
<p><strong>Busque las mejores cargas.</strong> No se conforme con las primeras cargas que vea en un board. Las b√∫squedas avanzadas en varios boards lo ayudar√°n a encontrar las cargas m√°s rentables.</p>
<p><strong>Sea paciente.</strong> Las cargas no siempre se anuncian correctamente en un board. A veces los boards se tardan en remover cargas que ya no est√°n disponibles. Anticipe toparse con algunos callejones sin salida cuando busque una carga de calidad. Puede llevarle algunas horas y muchas llamadas telef√≥nicas.</p>
<p><strong>Evite el exceso de reservas.</strong> No acepte m√°s trabajo de lo que su empresa puede manejar. Preste mucha atenci√≥n al tama√±o de la carga y a la distancia del recorrido.</p>
<p><strong>Construya su reputaci√≥n.</strong> El recoger y entregar cargas a tiempo ayudar√° a su empresa a destacarse entre los miles de camioneros que patrullan los boards. Si construye una reputaci√≥n de gran fiabilidad, los transportistas lo buscar√°n pronto.</p>
<p><strong>Proteja su privacidad. </strong>Usted desea tener cuidado con la cantidad de informaci√≥n que comparte. No proporcione ninguna informaci√≥n personal o de la empresa que no desee que se comparta p√∫blicamente en Internet.</p>
<h2>Las Mejores Load Boards en L√≠nea</h2>
<p>Hay cientos de load boards en la Internet.¬† Estos son algunos de los boards que reportan el mayor tr√°fico:</p>
<ul>
<li><a href=""http://dat.com/"">DAT Loadboard</a></li>
<li><a href=""http://www.getloaded.com/"">GetLoaded</a></li>
<li><a href=""http://www.truckstop.com/"">Internet Truckstop</a></li>
<li><a href=""http://www.123loadboard.com/"">123Loadboard</a></li>
<li><a href=""http://www.truckersedge.com/"">TruckersEdge</a></li>
</ul>
<p>¬†</p>
<p><em>Fuentes: </em><em>Businessweek, <a href=""http://www.WikiHow.com"">www.WikiHow.com</a>, <a href=""http://www.TheTruckersReport.com"">www.TheTruckersReport.com</a></em></p>
",0,Business,,,Spanish,799,overpasses.jpg,https://www.rtsinc.com/sites/default/files/overpasses_0.jpg,,,No,El tener varias fuentes que puedan mantener a su compa√±√≠a de camiones llena de cargas de calidad es siempre ideal. Aqu√≠ hay algunos consejos sobre c√≥mo construir esa red.,"<a href=""/users/dschneider"">31</a>",dschneider,1516045550,1661308129,,/node/332,1,1,0
329,333,329,Blog Posts,C√≥mo Exportar sus Productos a los Estados Unidos,C√≥mo Exportar sus Productos a los Estados Unidos,"<p>Vender sus productos a clientes en los Estados Unidos puede representar una gran oportunidad de crecimiento para su negocio. Despu√©s de todo, la econom√≠a de EE. UU. sigue siendo la m√°s grande de todos los pa√≠ses, representando el 25% del producto mundial bruto. El a√±o pasado, Estados Unidos fue el segundo importador m√°s grande del mundo despu√©s de la Uni√≥n Europea, importando un total de 2.7 billones de d√≥lares en productos y servicios.</p>

<p>Sin embargo, hacer negocios con compradores en los Estados Unidos puede ser un desaf√≠o. EE. UU. es un gran pa√≠s con una compleja red de aranceles, impuestos y requisitos que son espec√≠ficos en los diferentes estados. La forma americana de comunicarse y hacer negocios tambi√©n puede ser muy diferente respecto a los rasgos culturales de su pa√≠s.</p>

<p>A continuaci√≥n, presentamos algunos conocimientos acerca de c√≥mo ingresar exitosamente en el mercado estadounidense. El primer consejo puede ser el m√°s importante: tener un comprador, agente o distribuidor en dicho pa√≠s, que valore su producto y pueda ayudarlo a explorar las normas y pr√°cticas comerciales del mismo.</p>

<h2>Tener un socio de confianza en EE. UU.</h2>


<div class=""sidebox sidebox-right bg-lt"">
	<h3 class=""margin-top-0 blue"">Las mejores importaciones a los Estados Unidos, por porcentaje</h3>

	<ul class=""no-list-style"">
           <li><strong>14.9%</strong> - Equipos y maquinaria electr√≥nica</li>
           <li><strong>14%</strong> - Maquinaria, incluyendo computadoras</li>
           <li><strong>12.7%</strong> - Veh√≠culos</li>
           <li><strong>7.3%</strong> - Petr√≥leo y otros combustibles</li>
           <li><strong>4.1%</strong> - Productos farmac√©uticos</li>
           <li><strong>3.6%</strong> - Equipos m√©dicos</li>
           <li><strong>3%</strong> - Gemas y metales preciosos</li>
           <li><strong>2.8%</strong> - Muebles, ropa de cama</li>
           <li><strong>2.2%</strong> - Art√≠culos de pl√°stico</li>
           <li><strong>2.2%</strong> - Productos qu√≠micos org√°nicos</li>
	</ul>

	<p><em>Fuente: FreightForwarderQuoteOnline.com</em></p>
</div>

<p>La forma m√°s r√°pida y efectiva de comenzar a hacer negocios en los Estados Unidos es tener un cliente o un socio comercial confiable que sepa c√≥mo importar al pa√≠s. Su comprador o distribuidor estadounidense debe ser capaz de proporcionarle las instrucciones acerca de la facturaci√≥n, el embalaje, el marcado y el etiquetado que requieren sus productos.</p>

<p>Aseg√∫rese de que su socio tambi√©n haya verificado cuidadosamente los requisitos de las aduanas y otras agencias gubernamentales estadounidenses que deban cumplirse cuando llegue su mercanc√≠a. Un agente aduanero acreditado puede ayudarle a usted y a su socio comercial con informaci√≥n y tramitaci√≥n de la entrada en aduanas y cualquier otra informaci√≥n que sea necesaria para las otras agencias gubernamentales.</p>

<p>Para proteger los intereses de su empresa, deber√° llevar a cabo los debidos controles de diligencia de cualquier cliente o distribuidor potencial y redactar contratos que definan los t√©rminos claves de la relaci√≥n comercial. Para ayudar con estos acuerdos, debe obtener orientaci√≥n legal de un abogado que est√© familiarizado con la ley estadounidense, as√≠ como con las leyes estatales de los lugares en donde se vender√°n sus productos. El Colegio de Abogados Americano (American Bar Association por su nombre en ingl√©s) tiene informaci√≥n √∫til acerca de los bufetes de abogados de los Estados Unidos, as√≠ como <a href=""https://www.americanbar.org/groups/legal_services/flh-home/flh-bar-directories-and-lawyer-finders.html"">un directorio en l√≠nea por cada estado</a>.</p>

<h2>Investigar el mercado</h2>

<div class=""sidebox sidebox-right bg-lt"">
	<h3 class=""margin-top-0"">Los ocho principales exportadores a los Estados Unidos</h3>

	<ul class=""no-list-style"">
		<li><strong>China:</strong> 502 mil millones de d√≥lares</li>
		<li><strong>Canada:</strong> 302 mil millones de d√≥lares</li>
		<li><strong>Mexico:</strong> 297 mil millones de d√≥lares</li>
		<li><strong>Japan:</strong> 134 mil millones de d√≥lares</li>
		<li><strong>Germany:</strong> 75 mil millones de d√≥lares</li>
		<li><strong>United Kingdom:</strong> 59 mil millones de d√≥lares</li>
		<li><strong>France:</strong> 48 mil millones de d√≥lares</li>
	</ul>

	<p><em>Source: U.S. Census Bureau on Foreign Trade</em></p>
</div>

<p>Tenga en cuenta que los Estados Unidos no es un mercado nacional √∫nico. Es un sistema federal en el cual cada estado opera como una entidad separada con su propio conjunto de procedimientos.</p>

<p>Una vez que identifique los estados en los que planea vender su producto, deber√° determinar los costos y otras implicaciones de hacer negocios en ellos. ¬øExiste una necesidad del cliente por su producto en los sitios de Estados Unidos que planea atender? ¬øC√≥mo se comparar√°n sus precios con los de los competidores directos? Se necesita un an√°lisis cuidadoso del mercado para garantizar que sus productos sean bien recibidos por los clientes americanos.</p>

<p>La forma estadounidense de hacer negocios tambi√©n puede ser √∫nica con respecto a otras culturas. La comunicaci√≥n en los negocios en EE. UU. tiende a ser muy directa y las negociaciones se centran en cerrar los tratos. Al hablar con sus socios en los Estados Unidos, se espera que usted ""vaya al punto"" y articule claramente las ventajas principales de su producto.</p>

<h2>Prestar atenci√≥n a los detalles</h2>

<p>Para garantizar un despacho m√°s r√°pido a trav√©s de las aduanas, preste especial atenci√≥n a los aranceles, leyes e instrucciones estadounidenses. Prepare cuidadosamente sus facturas de aduana, incluyendo toda la informaci√≥n que se necesitar√° en una lista de embalaje bien elaborada. Incluya descripciones detalladas en ingl√©s de los productos o mercanc√≠a que se env√≠an. Aseg√∫rese de cumplir con todas las disposiciones especiales relacionadas con los alimentos, drogas, alcohol, cosm√©ticos, materiales radiactivos y otros productos.</p>

<p>En general, los siguientes documentos deber√°n acompa√±ar la importaci√≥n de cualquier producto a los Estados Unidos. Como vendedor, usted ser√° responsable de proporcionar los primeros tres documentos:</p>

<ul>
	<li>Factura de desembarque (mar√≠timo, a√©reo, en cami√≥n o carga)</li>
	<li>Factura comercial</li>
	<li>Lista de embalaje</li>
	<li>Gu√≠a a√©rea</li>
	<li>Sentencia vinculante</li>
	<li>Liberaci√≥n de la carga/simplificaci√≥n de la entrada</li>
	<li>Acuerdo aduanero</li>
	<li>Declaraci√≥n de importaci√≥n aduanera</li>
	<li>Entrada/entrega inmediata</li>
	<li>Declaraci√≥n de seguridad del importador</li>
	<li>Manifiesto para avi√≥n, transporte terrestre o barco</li>
</ul>

<p>Finalmente, para ayudar a proteger su carga de robos, establezca procedimientos de seguridad s√≥lidos en su almac√©n y mientras transporta sus productos para el env√≠o. No les d√© a los narcotraficantes la oportunidad de utilizar su cargamento para transportar narc√≥ticos.</p>

<h2>Familiarizarse con los Incoterms</h2>

<p>Al exportar productos a los Estados Unidos, es importante comprender sus responsabilidades sobre las mercanc√≠as que se env√≠an. Los t√©rminos internacionales de comercio, com√∫nmente conocidos como ""Incoterms"" (por sus siglas en ingl√©s), son las reglas contractuales que rigen el movimiento de la carga internacional. Publicados y actualizados peri√≥dicamente por la C√°mara de Comercio Internacional, los Incoterms ayudan a determinar c√≥mo se env√≠an los productos y qu√© parte es responsable del env√≠o (el vendedor o el comprador).</p>

<p>Los siguientes son tres de los arreglos m√°s comunes bajo los Incoterms:</p>

<p><strong>Transporte pagado hasta (CPT, por sus siglas en ingl√©s): </strong>El vendedor de un producto es el responsable del pago de la carga para enviarlo al pa√≠s importador. Una vez que el producto ha sido entregado al transportista, el comprador acepta la responsabilidad del env√≠o y su destino.</p>

<p><strong>En f√°brica (Ex-Works), lugar convenido (EXW, por sus siglas en ingl√©s):</strong> El comprador organiza el env√≠o completo, desde el almac√©n del proveedor hasta el destino de la carga.</p>

<p><strong>Libre transportista, lugar convenido (FCA, por sus siglas en ingl√©s):</strong> El vendedor organiza la mayor√≠a o todas las etapas de env√≠o desde el pa√≠s exportador. El comprador acepta la responsabilidad una vez que el producto llega a la terminal del transportista para su exportaci√≥n.</p>

<p>Existe un total de 11 Incoterms y su lenguaje puede ser complejo. Antes de realizar un env√≠o internacional, trabaje con un especialista interno, un agente aduanero, un transportador de cargas o un proveedor externo de log√≠stica que entienda las reglas de env√≠o internacional.</p>

<h2>Saber el costo de exportar</h2>

<p>El arancel o impuesto aduanero en los Estados Unidos es un impuesto aplicado a los productos que se transportan a trav√©s de las fronteras internacionales. Los impuestos y los aranceles le aumentan al comprador estadounidense el costo de su producto. Para su comprador es esencial conocer el costo final, para fijar el precio de su producto en el mercado americano. Si reside en un pa√≠s con el que EE. UU. tenga un acuerdo de libre comercio, sus productos pueden estar libres de impuestos.</p>

<p>Si conoce el n√∫mero de clasificaci√≥n o el ""c√≥digo del sistema armonizado"" para el producto que est√° exportando, puede utilizar varias herramientas en l√≠nea para ayudar a estimar los precios de los aranceles estadounidenses en sus productos. El sitio web del International Trade Administration del Departamento de comercio, <a href=""https://www.export.gov/welcome"">Export.gov</a> contiene varios enlaces a sitios web que pueden ayudar a calcular el costo de exportaci√≥n a los Estados Unidos.</p>

<h2>Recursos adicionales</h2>

<p>La forma m√°s efectiva de aprender a exportar a los Estados Unidos es consultar a su socio comercial o un profesional certificado. Los siguientes recursos tambi√©n contienen informaci√≥n √∫til acerca de las aduanas estadounidenses y otras normas:</p>

<ul>
	<li><a href=""https://rulings.cbp.gov/"">Sistema de b√∫squeda en l√≠nea de reglas aduaneras</a></li>
	<li><a href=""https://www.cbp.gov/border-security/ports-entry/cargo-security/ctpat"">Asociaci√≥n Aduanera y Comercial contra el Terrorismo</a></li>
	<li><a href=""https://www.cbp.gov/trade/basic-import-export"">Informaci√≥n b√°sica de importaci√≥n y exportaci√≥n</a></li>
	<li><a href=""https://www.sba.gov/blogs/importing-goods-us-introductory-guide-small-business-owners"">Small Business Administration: Importaci√≥n de productos a los Estados Unidos</a></li>
</ul>

<p>Fuentes: TheBalance.com, censo de los Estados Unidos, aduanas y protecci√≥n de fronteras de los Estados Unidos, The Guardian, Export.gov, Investopedia.com, American Bar Association, Gov.UK</p>
",0,Business,,,Spanish,830,ship-87s3h8b.jpg,https://www.rtsinc.com/sites/default/files/ship-87s3h8b.jpg,,,No,Estos cinco pasos pueden ayudar a su empresa a ingresar en la econom√≠a m√°s grande del mundo.,"<a href=""/users/admin"">1</a>",admin,1517345103,1661308129,,/node/333,1,1,0
357,367,357,Blog Posts,¬øQu√© necesitan saber los exportadores acerca de la Ley PACA en Estados Unidos?,¬øQu√© necesitan saber los exportadores acerca de la Ley PACA en Estados Unidos?,"<p>La Ley de Productos Agr√≠colas Perecederos (PACA por sus siglas en ingl√©s) fue implementada por el Congreso Federal de los Estados Unidos en 1930 con la finalidad de establecer pr√°cticas justas de negocio y de comercio en la industria de frutas y hortalizas. Si bien la reglamentaci√≥n PACA no es nueva, es sumamente importante que los exportadores de productos agr√≠colas que ya comercialicen o que tengan intenci√≥n de vender sus productos en los Estados Unidos conozcan los t√©rminos y el alcance de esta ley.</p>
<p>En este art√≠culo se destacan cinco aspectos relevantes de la ley PACA, que es ejecutada por el Departamento de Agricultura de los Estados Unidos (USDA por sus siglas en ingl√©s). Para entender a profundidad las regulaciones de PACA, es recomendable consultar con un abogado especializado en esta ley.</p>
<h2>¬øC√≥mo obtener una licencia PACA?</h2>
<p>Las compa√±√≠as que venden o compran productos agr√≠colas a mayoreo (entendido como m√°s de una tonelada de productos por d√≠a) tienen que tener gestionada la licencia PACA. Este requisito tambi√©n aplica a compa√±√≠as que venden o compran productos agr√≠colas que cruzan l√≠neas estatales dentro de los Estados Unidos.</p>
<p>Las licencias de PACA se pueden obtener a trav√©s del USDA, yla tarifa anual es de $995 d√≥lares por a√±o, m√°s un cargo adicional de $600 d√≥lares por cada sucursal o local comercial instalado en territorio norteamericano. La tarifa anual de PACA no puede superar el tope de $8,000 d√≥lares independientemente del volumen de su operaci√≥n comercial.</p>
<p>En caso de que no gestione la licencia PACA, las operaciones comerciales que realice su compa√±√≠a de productos agr√≠colas quedaran igualmente reguladas¬† por esta ley y usted podr√° ser sometido a¬† una multa de hasta $1,200(d√≥lares). La ventaja de tramitar su licencia es que regulariza la protecci√≥n de sus derechos bajo el amparo¬† que otorga el fideicomiso PACA en el caso de que un comprador cese de pagar o se declar√© en bancarrota. La obtenci√≥n de la licencia tambi√©n demuestra que su empresa es fiable y cumple con sus obligaciones legales y contractuales.</p>
<h2>¬øC√≥mo funciona la protecci√≥n bajo el fideicomiso PACA?</h2>
<p>El fideicomiso PACA se cre√≥ como un mecanismo que asegura que tanto los vendedores como los proveedores de productos agr√≠colas reciban pago por la facturaci√≥n no impugnada en la venta de este tipo de productos. La ley PACA requiere que los compradores de productos agr√≠colas mantengan un fideicomiso legal sobre las frutas y hortalizas recibidas, pero a√∫n no pagadas. Si la compa√±√≠a compradora cesa operaciones o se declara en quiebra, el fideicomiso garantiza la prioridad del cobro de los vendedores de productos en relaci√≥n con otros acreedores que presenten un reclamo por pagos.</p>
<p>Para salvaguardar los derechos del fideicomiso mediante la adquisici√≥n de la licencia, el comerciante autorizado por PACA debe incluir el siguiente aviso en sus facturas y otros documentos de cobro. De no incluirlo, los derechos de fideicomiso carecer√°n de validez:</p>
<p><em>‚ÄúLos productos agr√≠colas perecederos detallados en esta factura son comercializados bajo el fideicomiso legal autorizado por la Secci√≥n 5.c de la Ley de Productos Agr√≠colas Perecederos de 1930 (7 U.S.C. 499e (c)). El vendedor de estos productos mantiene el derecho de fideicomiso sobre los productos vendidos, las existencias alimentarias y los derivados de estas mercanc√≠as, junto con cualquier cuenta pendiente o producto de la venta de estos productos hasta que se reciba la totalidad del pago.‚Äù</em></p>
<p>Los vendedores de productos agr√≠colas que decidan no incluir este p√°rrafo en la emisi√≥n de sus facturas deber√°n notificar por escrito al comprador que deciden reservar sus derechos de fideicomiso PACA dentro de un plazo de 30 d√≠as antes de de la fecha de vencimiento del pago.</p>
<h2>Resoluci√≥n de disputas e indemnizaciones</h2>
<p>En caso de iniciarse una disputa sobre el pago de productos vendidos, el deudor tiene tres rutas posibles de acci√≥n: recurrir a la Corporaci√≥n para la Resoluci√≥n de Controversias sobre Frutas y Hortalizas, o dirigirse a los Tribunales de los Estados Unidos. Las compa√±√≠as con licencias PACA pueden reclamar su indemnizaci√≥n a trav√©s de PACA. Una solicitud informal de demanda tiene un costo de $100 d√≥lares y el periodo estimado de tramitaci√≥n es de seis meses.</p>
<p>Si se opta por no resolver el caso de esta manera, existe la opci√≥n de iniciar un proceso legal formal que involucra tanto al comprador como al vendedor. El periodo promedio para otorgar la indemnizaci√≥n del PACA en este caso es de dos a√±os, con un costo administrativo de $600 d√≥lares. Las compa√±√≠as no residentes en los Estados Unidos deben aportar una fianza para poder iniciar el procedimiento formal a trav√©s de PACA.</p>
<h2>¬øCu√°l es el √°mbito de aplicaci√≥n de PACA?</h2>
<p>La ley PACA provee a USDA con recursos legales contra empresas que no cumplen sus obligaciones de pago por productos agr√≠colas. Si una empresa ha tramitado su licencia PACA y no paga sus deudas, el gobierno puede suspender la licencia de la compa√±√≠a y prohibir toda transacci√≥n en la industria agr√≠cola hasta que salde la deuda en su totalidad.</p>
<h2>Verificaci√≥n de licencias PACA</h2>
<p>Una ventaja adicional que tiene la ley PACA es el registro hist√≥rico comercial de compradores, vendedores y corredores de productos agr√≠colas. Si necesita obtener informaci√≥n hist√≥rica de solicitudes y reclamos de un cliente potencial de PACA, comun√≠quese con la divisi√≥n PACA al tel√©fono (800) 495-7222.</p>
<p><em>Fuentes: Departamento de Agricultura de los Estados Unidos, Gu√≠a PACA Web de McCarron & Diess</em></p>
",0,Business,,,Spanish,931,Berries.jpg,https://www.rtsinc.com/sites/default/files/Berries.jpg,,,No,"Te presentamos cinco aspectos clave sobre la normativa legal para frutas y hortalizas conocida com√∫nmente como ""PACA"".","<a href=""/users/dhacker"">27</a>",dhacker,1527619952,1661308129,,/node/367,1,1,0
321,1270,321,Blog Posts,¬øEn qu√© se diferencia el factoraje de los pr√©stamos basados en activos?,¬øEn qu√© se diferencia el factoraje de los pr√©stamos basados en activos?,"<p>El factoraje de las cuentas por cobrar y los pr√©stamos basados ‚Äã‚Äãen activos a veces se confunden como una y la misma. Sin embargo, son dos formas de financiamiento muy diferentes.</p>

<p>Si bien el factoraje se basa en activos, est√° estructurado de manera diferente a los pr√©stamos basados ‚Äã‚Äãen activos, lo que brinda diferentes riesgos, costos y beneficios para el cliente.</p>

<p>Lo que sigue es una explicaci√≥n del factoraje y los pr√©stamos basados ‚Äã‚Äãen activos, y lo que hace que estos dos modelos de financiamiento sean diferentes entre s√≠.</p>

<h2>C√≥mo funciona el factoraje</h2>

<p>El factoraje es una transacci√≥n financiera en la que una empresa vende sus cuentas por cobrar a una empresa externa de factoraje a cambio de un pago r√°pido. La empresa se beneficia porque recibe el 90% o m√°s del valor de una factura en un d√≠a en lugar de esperar dos o tres meses por el pago de un cliente. La empresa de factoraje luego cobra el pago de la factura del cliente y paga el saldo restante a la empresa, menos una tarifa de factoraje.</p>

<h2>C√≥mo funcionan los pr√©stamos basados ‚Äã‚Äãen activos</h2>

<p>Pr√©stamos basados ‚Äã‚Äãen activos es un pr√©stamo o una l√≠nea de cr√©dito renovable que se garantiza utilizando los activos de una empresa como colateral. Al igual que el factoraje, los pr√©stamos basados ‚Äã‚Äãen activos pueden utilizar cuentas por cobrar como garant√≠a, pero tambi√©n pueden extenderse a otras propiedades como materiales, bienes ra√≠ces, inventario y materias primas.</p>

<p>La cantidad de dinero que una empresa puede pedir prestada a trav√©s de pr√©stamos basados ‚Äã‚Äãen activos depende del valor de los activos que se ofrecen como garant√≠a. Los pr√©stamos basados ‚Äã‚Äãen activos proporcionan una relaci√≥n pr√©stamo-valor (LTV), que puede estar entre el 75% y el 90% para las cuentas por cobrar, pero a menudo el 50% o menos en otras garant√≠as. Si el valor de los activos de su empresa cambia, eso afectar√° la cantidad de dinero que puede pedir prestado a trav√©s de un pr√©stamo basado en activos.</p>

<h2>Factoraje a comparaci√≥n de pr√©stamos basados ‚Äã‚Äãen activos</h2>

<h4>Factoraje es m√°s r√°pido</h4>

<p>El proceso de aprobaci√≥n para factoraje generalmente implica revisar las calificaciones crediticias de su empresa y sus clientes, lo que solo toma unos d√≠as. Sin embargo, para calificar para un pr√©stamo basado en activos, es necesario verificar el valor de los activos que se utilizar√°n como garant√≠a. Esto puede llevarle al prestador varios d√≠as o incluso semanas.</p>

<h4>Los pr√©stamos basados ‚Äã‚Äãen activos son m√°s privados</h4>

<p>Antes de entrar en un acuerdo de factoraje, la empresa de factoraje debe comunicarse con sus clientes para verificar sus cuentas con su empresa. La empresa de factoraje se mantendr√° en contacto con sus clientes ya que estar√° cobrando las facturas. Eso significa que sus clientes sabr√°n que est√° utilizando factoraje como una forma de financiar su negocio.</p>

<p>Los pr√©stamos basados ‚Äã‚Äãen activos son m√°s privados, ya que hay poca interacci√≥n entre el prestador y sus clientes ‚Äì al menos que est√© utilizando cuentas por cobrar como garant√≠a.</p>

<h4>El factoraje tiene m√°s riesgo</h4>

<p>Por lo general, es m√°s probable que los proveedores de factoraje otorguen fondos a empresas peque√±as o nuevas que normalmente no calificar√≠an para el financiamiento bancario tradicional. Sin embargo, los pr√©stamos basados ‚Äã‚Äãen activos est√°n dise√±ados para empresas m√°s grandes y establecidas que tienen activos importantes y est√°n en camino a convertirse en ""financiables"".</p>

<h4>El factoraje puede ser m√°s flexible</h4>

<p>El factoraje es una transacci√≥n de venta, no un pr√©stamo. No se requieren pagos mensuales a un prestador. El factoraje ¬†se lleva a cabo con cada transacci√≥n de venta, lo que significa que el financiamiento por parte de la empresa de factoraje puede ""escalar"" con el crecimiento de su empresa a medida que aumentan sus cuentas por cobrar.</p>

<h4>La estructura de costos es diferente</h4>

<p>Las tarifas de factoraje se determinan como un porcentaje del valor de una factura, por lo general entre el 1,5% y el 3,5% por cada cuenta por cobrar. Los pr√©stamos basados ‚Äã‚Äãen activos tienen un precio con una tasa de porcentaje anual (APR), que a menudo oscila entre el 7% y el 15%.</p>
",0,"Factoring, Finance","Factoring, Finance",,Spanish,812,Dollar.jpg,https://www.rtsinc.com/sites/default/files/Dollar_1.jpg,,,No,"Hay similitudes entre estas dos formas de financiamiento, pero tambi√©n hay muchas diferencias. ","<a href=""/users/dschneider"">31</a>",dschneider,1604934754,1661308129,,/node/1270,1,1,0
830,1271,830,Blog Posts,¬øCu√°nto cuesta el factoraje de facturas?,¬øCu√°nto cuesta el factoraje de facturas?,"<p>Al asociarse con una empresa de factoraje, est√° entrando en una relaci√≥n de beneficio mutuo destinada a generar √©xito para ambas partes. Reciba dinero en efectivo confiablemente y r√°pidamente vendiendo sus facturas. La empresa de factoraje solo cobrar√≠a una tarifa de factoraje por factura o tasa de factoraje. Como costo principal, debe comprender completamente qu√© es una tasa de factoraje y c√≥mo se determina.</p>

<h2>¬øQu√© determina una tasa de factoraje?</h2>

<p>En t√©rminos generales, una estructura de tarifas de factoraje est√° determinada por lo siguiente:</p>

<ul>
	<li><strong>Industria</strong>: al establecer las tarifas, ciertas industrias (como el camionaje y el transporte) brindan un flujo de facturas facturables m√°s confiable y de alto volumen. Debido a esto, las tarifas de factoraje para las empresas de transporte por carretera pueden ser relativamente m√°s bajas en comparaci√≥n con otras industrias, como la de textil o contrataci√≥n de personal.</li>
	<li><strong>Volumen</strong>: al determinar su tasa, una empresa de factoraje probablemente le preguntar√° cu√°nto piensa factorizar por mes. Normalmente, cuanto m√°s factorizas, menor es la tasa. Incluso puede configurar un plan escalonado de tarifas dependiendo de su crecimiento anticipado. Esto significa que a medida que aumente su volumen mensual, sus tasas de factorizaci√≥n disminuyen autom√°ticamente.</li>
	<li><strong>Riesgo</strong>: la posibilidad de riesgo generalmente se compensa con una tasa m√°s alta. Por ejemplo, dentro del factoraje, hay dos tipos de acuerdos principales: recurso y sin recurso. La falta de recurso es cuando la empresa de factoraje toma un mayor riesgo de impago. Como tal, la falta de recurso viene inevitablemente con una tasa de factoraje m√°s alta.</li>
</ul>

<p>La diversidad de sus clientes tambi√©n se considera al calcular el riesgo. Si tiene varios clientes con facturas m√°s peque√±as cada mes, a menudo es menos riesgoso para una empresa de factoraje que comprar facturas de una empresa que solo tiene dos clientes por mes con facturas grandes. Obtendr√° una tasa m√°s baja con un libro de clientes m√°s diverso, especialmente si la mayor√≠a de ellos tiene buen cr√©dito.</p>

<p>Cada uno de estos elementos se pueden desglosar en detalles m√°s espec√≠ficos que afectar√°n su tasa de factoraje en general. Otras cosas que algunas empresas podr√≠an considerer es su puntaje crediticio (como propietario de la empresa), cu√°nto tiempo ha estado en el negocio y sus ingresos anuales.</p>

<h2>¬øExisten diferentes tipos de tarifas de factoraje?</h2>

<p>Hay dos tipos principales de tarifas de factoraje: tarifas planas y tarifas escalonadas. Una tasa de factoraje plana significa que el porcentaje que paga en cada factura factorizada es siempre la misma. Usted sabe exactamente lo que est√° pagando a cambio del anticipo de su factura, independientemente de la rapidez o la lentitud con cual sus clientes paguen a la empresa de factoraje. Una tasa de factorizaci√≥n escalonada significa que el porcentaje que paga en cada factura factorizada es una cantidad variable, dependiendo de la rapidez con cual sus clientes paguen la factura. Su tarifa ser√° m√°s baja para los clientes que pagan m√°s r√°pido y m√°s alta para los clientes que tardan m√°s en pagar.</p>

<p>Una estructura de tasas menos utilizada se llama <em>prime plus</em>. <em>Prime plus</em> significa que la tasa de factoraje se compone del inter√©s que los bancos le cobran a la empresa de factoraje m√°s un extra. Por ejemplo, si tiene una tasa de inter√©s preferencial del 3.5% y la tasa preferencial que cobran los bancos es del 2%, puede esperar pagar el 5.5% en cada factura.</p>

<p>Tambi√©n puede escuchar acerca de las tarifas escalonadas en relaci√≥n con el volumen de factorizaci√≥n, como se mencion√≥ anteriormente. Algunas empresas de factoraje reducir√°n su tarifa plana a medida que aumente la cantidad total factorizada por mes. Por ejemplo, si factoriza $100.000 por mes, puede obtener una tasa del 3%, pero a medida que aumenta el volumen mensual a $200.000, la tasa cae al 2.5%, $300.000 la tasa cae al 2.0%, etc.</p>

<h2>¬øQu√© es una tasa de factoraje t√≠pica?</h2>

<p>Las tasas de factoraje para las empresas de transporte por carretera suelen caer entre el 1% y el 5%. Nuevamente, estas tarifas variar√°n dependiendo de cosas como la industria, el volumen, cu√°ntos y qu√© tipos de clientes tiene, etc.</p>

<h2>¬øQu√© pasa con las tarifas adicionales?</h2>

<p>Una empresa de factoraje puede cobrar tarifas adicionales aparte de su tarifa de factoraje por cosas como procesamiento de facturas, ACH o transferencias bancarias, inicio, mantenimiento, y otros dependiendo caso por caso. Las tarifas adicionales no son necesariamente malas, siempre que la empresa de factoraje sea sincera sobre ellas y usted sepa qu√© esperar. Lo que debe tener en cuenta son las tarifas ""ocultas""osea cualquier cosa que le cobren y que no se ¬†divulgo o no se discuti√≥ abiertamente cuando se les pregunt√≥.</p>

<p><strong>¬øTodav√≠a tiene preguntas sobre el costo de factoraje? Comun√≠quese con RTS hoy.</strong></p>
",0,"Business, Factoring, Finance",Factoring,,Spanish,1443,Multiple Invoices Image.jpeg,https://www.rtsinc.com/sites/default/files/Multiple%20Invoices%20Image.jpeg,,,No,"Al considerar el factoraje como una soluci√≥n financiera para su negocio, querr√° considerar el costo antes de comprometerse con un acuerdo.","<a href=""/users/dschneider"">31</a>",dschneider,1604935413,1661308129,,/node/1271,1,1,0
1594,1686,1594,Blog Posts,C√≥mo Evitar el Fraude con Tarjetas de Combustible,C√≥mo Evitar el Fraude con Tarjetas de Combustible,"<p>Durante los √∫ltimos a√±os, los estafadores se han aprovechado de la grande angustia publica causada por la COVID-19 pandemia y ahora por los altos costos de combustible. La industria de camiones no es inmunde a este problema; atacar a los clientes de tarjetas de combustible se ha convertido en una opci√≥n popular para los estafadores. Las t√°cticas incluyen personas que fingen ser empleados de su compa√±√≠a de tarjetas de combustible o estafan su informaci√≥n directamente en la bomba de combustible.</p>

<p>A medida que evolucionan los estafadores, no existe una forma segura de evitar por completo el fraude potencial, pero hay algunas cosas que puede hacer para detectar el fraude y proteger su negocio.</p>

<h2>C√≥mo evitar el fraude con tarjetas de combustible</h2>

<h3>En la bomba:</h3>

<p>Las estafas en la bomba incluyen principalmente el desnatado (<em>Skimming</em>) y el calce (<em>Shimming</em>), lo que implica conectar dispositivos directamente a la bomba de combustible en un esfuerzo por leer la banda magn√©tica o el chip y obtener su n√∫mero de PIN o c√≥digo postal.</p>

<ul>
	<li>Revise el lector de tarjetas en busca por cualquier cosa que parezca sospechosa, manipulada o suelta. Si algo no le parece bien, entre a pagar.</li>
	<li>Revise la bomba por calcoman√≠as u otras se√±ales que indiquen que la bomba se inspecciona regularmente.</li>
	<li>Use su tarjeta de combustible para pagar por el combustible, en vez de d√©bito. Si un estafador obtiene su informaci√≥n de su tarjeta de d√©bito, tiene acceso directo a su cuenta bancaria.</li>
	<li>Si su tarjeta de combustible ofrece repostaje m√≥vil, util√≠cela cuando sea posible.</li>
	<li>Trate de llenar su tanque en estaciones bien iluminadas y mantenidas.</li>
</ul>

<h3>En el tel√©fono:</h3>

<p>Estafadores pueden contactarlo por tel√©fono o por correo electr√≥nico para solicitar informaci√≥n personal de su cuenta, reclamar que tiene pagos atracados o cargos, etc. en un intento de acceder su cuenta y robar su dinero.</p>

<ul>
	<li>Limite la informaci√≥n que comparta, nunca de su informaci√≥n segura por el tel√©fono o por correo electr√≥nico (como ID de usuario, n√∫mero de tarjeta, PINs y contrase√±as).</li>
	<li>Nunca haga clic en enlaces o archivos adjuntos en mensajes de una fuente desconocida.</li>
	<li>Si esta inseguro, comun√≠quese con el servicio de atenci√≥n al cliente de su tarjeta de combustible para verificar la validez de la llamada o el correo electr√≥nico.</li>
	<li>Mantenga su software antivirus y protecci√≥n de firewall actualizados.</li>
	<li>Como recordatorio, RTS Carrier Services y sus proveedores (Fleet One y Titan) nunca solicitar√°n detalles importantes de la cuenta por tel√©fono.</li>
</ul>

<p>Aseg√∫rese de revisar regularmente su historial de transacciones en busca de cargos sospechosos. Si ve cargos o sospecha de actividad fraudulenta en su cuenta, comun√≠quese con su representante d√© la cuenta de RTS lo antes posible.</p>

<h4>Si est√° interesado en obtener m√°s informaci√≥n sobre c√≥mo evitar el fraude con tarjetas de combustible o desea registrarse para obtener una tarjeta de combustible de RTS Carrier Services, <a href=""https://www.rtsinc.com/es/page/contactenos"">¬°cont√°ctenos hoy!</a></h4>
",Featured Article,"Business, Fuel Savings, Safety and Health","Company Information, Finance, Fuel Card, Trucking",,Spanish,3923,Blog Article Image - How to Avoid Fuel Card Fraud.jpg,https://www.rtsinc.com/sites/default/files/Blog%20Article%20Image%20-%20How%20to%20Avoid%20Fuel%20Card%20Fraud.jpg,,,No,"Ahora m√°s que nunca, es importante estar atento con su salud financiera y prestar mucha atenci√≥n a posible estafas y intentos de fraude. ","<a href=""/users/dschneider"">31</a>",dschneider,1657037017,1661308129,,/node/1686,1,1,0
1659,1689,1659,Blog Posts,Actualizaci√≥n del Suministro y el Mercado: Mayo,Actualizaci√≥n del Suministro y el Mercado: Mayo,"<h2>Un mensaje de nuestro socio</h2>

<p>Pilot Flying J contin√∫a monitoreando cercanamente el mercado de suministro, haciendo todo lo posible para mantener a los clientes actualizados, informados y con combustible. Seg√∫n Pilot Flying J, la tremenda volatilidad en los precios del crudo y los productos est√°n siendo afectados por dos factores opuestos:</p>

<ol>
	<li>Ha habido ‚ÄúLockdowns‚Äù extremos en algunas de las ciudades principales de China debido a los altos casos de COVID, lo que result√≥ en una menor demanda china de suministros de petr√≥leo y una presi√≥n baja sobre los precios del petr√≥leo.</li>
	<li>Contin√∫a la presi√≥n sobre la Uni√≥n Europea para que reduzca los suministros de petr√≥leo y gas saliendo de Rusia, lo que genera una presi√≥n al alza en los precios del petr√≥leo y los productos refinados a nivel mundial.</li>
</ol>

<p>El inventario de di√©sel sigue extremamente bajo para muchos mercados en el este de EE. UU. y los problemas de la refiner√≠a est√°n creando tensi√≥n en los mercados de St. Louis e Indian√°polis. Para preparar para interrupciones del mercado como estas, Pilot Flying J ha estado construyendo una cadena de suministro resistente en los √∫ltimos a√±os. Tambi√©n est√°n tomando acci√≥n adicional para asegurar suministro extra, incluyendo movilizando su flota para entregar diesen a las √°reas que enfrentan la disponibilidad m√°s limitada, como Virginia y Georgia. En este momento, todos los otros mercados cuentan con un suministro adecuado de planes de contingencia para garantizar que las ubicaciones de Pilot Flying J en todo el pa√≠s puedan continuar brindando una fuente constante de combustible di√©sel para las flotas.</p>

<p>En RTS, estamos seguros de que Pilot monitorear√° cercanamente la situaci√≥n y va a mitigar cualquier interrupci√≥n, asegurando que sigan siendo la red mas confiable de centros de viajes para nuestros clientes.</p>

<h4>¬øInteresado en inscribirse para una tarjeta de combustible con RTS? <a href=""https://www.rtsinc.com/es/page/contactenos"">¬°Comun√≠quese con un representante hoy!</a></h4>
",0,"Fuel Savings, Trucking","Fuel Card, Trucking",,Spanish,4612,DieselReassurance_V2.jpg,https://www.rtsinc.com/sites/default/files/DieselReassurance_V2.jpg,,,No,"Con la reciente volatilidad del mercado de combustible, RTS desea compartir la siguiente informaci√≥n de nuestro socio, Pilot Flying J.","<a href=""/users/dschneider"">31</a>",dschneider,1657321670,1661308129,,/node/1689,1,1,0
1685,1690,1685,Blog Posts,Actualizaci√≥n del Suministro y el Mercado: Junio,Actualizaci√≥n del Suministro y el Mercado: Junio,"<h2><strong>Un Mensaje de Nuestro Socio</strong></h2>

<p>Pilot Flying J mantiene su compromiso de mantener a los clientes abastecidos e informados mientras continuamos navegando estos mercados impredecibles. Por favor mire abajo para la actualizaci√≥n del suministro y el mercado de este mes:</p>

<ul>
	<li>Los inventarios nacionales de di√©sel siguen siendo extremadamente bajos y son especialmente ajustados en la costa este.</li>
	<li>Debido al bajo inventario, la escasez de suministro y la fuerte demanda, espectamos ver una volatilidad continua en los mercados de di√©sel durante todo el a√±o.</li>
	<li>Cualquier interrupci√≥n (es decir, refiner√≠a, oleoducto o evento meteorol√≥gico) puede tener un impacto m√°s significativo y prolongado debido a los niveles actuales y la volatilidad del mercado.</li>
	<li>Pilot Flying J ha tenido conversaciones productivas con Union Pacific y va a continuar a usar sus servicios de trenes para suplementar DEF.</li>
	<li>En el momento, Pilot flying J no anticipa agotamientos minoristas en locaciones en el previsible futuro.</li>
	<li>Pilot Flying J ha construido una cadena de suministro resiliente y continuar√° asegurando un suministro adicional de di√©sel.</li>
	<li>Su incre√≠ble flota continuar√° moviliz√°ndose y entregando di√©sel donde sea necesario para mantener el suministro en √°reas con disponibilidad limitada.</li>
</ul>

<p>Am√©rica del Norte depende de usted, y en RTS, estamos seguros de que Pilot Flying J continuar√° haciendo todo lo posible para mantener sus flotas y conductores en movimiento.</p>

<h4>¬øInteresado en inscribirse para una tarjeta de combustible con RTS? <a href=""https://www.rtsinc.com/es/page/contactenos"">¬°Comun√≠quese con un representante hoy!</a></h4>
",0,"Fuel Savings, Trucking",Fuel Card,,Spanish,4773,DieselReassurance_V2.jpg,https://www.rtsinc.com/sites/default/files/DieselReassurance_V2_0.jpg,,,No,"Con la reciente volatilidad del mercado de combustible, RTS desea compartir la siguiente informaci√≥n de nuestro socio, Pilot Flying J.","<a href=""/users/dschneider"">31</a>",dschneider,1657322261,1661308129,,/node/1690,1,1,0
776,1699,776,Blog Posts,12 Excelente Pel√≠culas de Camiones que el Tiempo Olvid√≥,12 Excelente Pel√≠culas de Camiones que el Tiempo Olvid√≥,"<p>Los 1970 marc√≥ una √©poca dorada para las pel√≠culas sobre camioneros. Cl√°sicos como <em>Smokey and the Bandit, Every Which Way but Loose y</em> <em>Convoy</em> capturaron la aventura de la carretera abierta, inspirando a varias personas obtener una licencia de conducir comercial e invertir su dinero en su primer cami√≥n.</p>

<p>Burt Reynolds, Clint Eastwood y Kris Kristofferson establecieron el est√°ndar para los camioneros que hablan CB dispuestos a impartir justicia en los polic√≠as y hombres de negocios corruptos, pero ha habido muchos otros h√©roes de camiones en la pantalla grande. Aqu√≠ hay 12¬†pel√≠culas de camioneros de las que quiz√°s no hayas o√≠do hablar, pero que vale la pena ver. Algunos de ellos se pueden descargar en su totalidad en YouTube:</p>

<h2><em>White Line Fever</em> (1975)</h2>

<p>Esta fue una de las primeras pel√≠culas en celebrar el estilo de vida del transporte por carretera. El conductor independiente Carrol Jo se enfrenta a una corporaci√≥n malvada que obliga a los camioneros a transportar cigarrillos ilegales y m√°quinas tragamonedas. La escena culminante de la pel√≠cula incluye persecuciones automovil√≠sticas, guardias de seguridad fuertemente armados y el cami√≥n Ford de 1974 de Carrol Jo, apodado ""Blue Mule"".</p>

<p><strong>Dato divertido</strong><strong>:</strong> <em>White Line Fever (Fiebre de la l√≠nea blanca)</em> es un t√©rmino describiendo el desapego mental que a veces experimentan los camioneros despu√©s de cientos de millas en la carretera.</p>

<h2><em>Breaker! Breaker!</em> (1977)</h2>

<p>Reci√©n rasurado Chuck Norris interpreta a un camionero con un amigo que es atacado y paralizado por un polic√≠a. Norris y sus compa√±eros camioneros buscan venganza y exponen una estafa en un peque√±o pueblo que involucra a un juez corrupto y una carga robada.</p>

<p><strong>Dato divertido</strong><strong>:</strong><em> Breaker! Breaker!</em> Es el primer papel protag√≥nico de Chuck Norris. Lo aprovecha al m√°ximo destruyendo una ciudad entera con su cami√≥n.</p>

<h2><em>High-Ballin‚Äô</em> (1978)</h2>

<p>Jerry Reed sigue su actuaci√≥n de<em> Smokey y el Bandit </em>interpretando a un fuerte propietario-operador llamado Iron Duke en esta pel√≠cula de 1978 sobre la explotaci√≥n de camioneros. Iron Duke y su acompa√±ante interpretado por Peter Fonda, organizas sus amigos camioneros contra un jefe de flota local. Las cosas empiezan a salir mal cuando un el par trata de llevar licor ilegal a un campamento lumper. Se producen accidentes automovil√≠sticos, tiroteos y muchas explosiones.</p>

<p><strong>Dato divertido</strong><strong>:</strong> Al igual que en <em>Smokey y el Bandit</em>, Jerry Reed escribi√≥ y cant√≥ la canci√≥n principal de esta pel√≠cula.</p>

<h2><em>The Great Smokey Roadblock</em> (1978)</h2>

<p>Henry Fonda interpreta a un conductor de 60 a√±os que su cami√≥n es embargado mientras esta en el hospital. Roba su cami√≥n de regreso y le hace un favor a un viejo amigo al transportar seis prostitutas a trav√©s de la frontera estatal.</p>

<p><strong>Dato divertido</strong><strong>:</strong> Susan Sarandon interpreta una de las prostitutas. Roger Englund, m√°s tarde famoso por Freddie Krueger, interpreta a un autoestopista llamado Beebo.</p>

<h2><em>Over the Top</em> (1987)</h2>

<p>Esta pel√≠cula de Sylvester Stallone se trata sobre vencidas, pero tambi√©n sobre camiones. Stallone interpreta a un conductor sin suerte que participa en un concurso de vencidas en Las Vegas en un intento por de empezar una nueva vida. El gran premio es de $100,000 y un cami√≥n nuevo que el h√©roe espera usar para iniciar su propia flota.</p>

<p><strong>Dato divertido‚Äã:</strong> <em>Over the Top</em> fue un fracaso cr√≠tico y comercial, pero ocupa un lugar alto en la lista de IMDb de ""Pel√≠culas √©picas de camiones"".</p>

<h2><em>Black Dog</em> (1998)</h2>

<p>Patrick Swayze es un camionero y un exconvicto que es enga√±ado en llevar armas ilegales en un Peterbilt 379. Varios intentos se han hecho para robar la carga antes que Swayze hace un plan para sacar al FBI de su espalda y liberar su esposa e hija de una situaci√≥n de rehenes.</p>

<p><strong>Dato divertido</strong><strong>:</strong> Meat Loaf y Randy Travis interpretan papeles secundarios mientras Swayze transporta su carga de Atlanta a Nueva Jersey.</p>

<h2><em>Rolling Vengeance</em> (1987)</h2>

<p>A los fan√°ticos de los camiones de 18 ruedas y <a href=""https://youtu.be/iQ8OEJyXUJ0"">los camiones monstruos</a> les encantar√° esta versi√≥n del cl√°sico cuento de camionero que obtiene justicia de la √∫nica manera que puede. Don Michael Paul interpreta un camionero de Canad√° que tiene que vengar el asesinato de sus padres y hermanas por una familia corrupta que est√° por encima de la ley. Naturalmente, hace esto con la construcci√≥n de un enorme cami√≥n estilo Big Foot que derriba todo, y todos, a su paso.</p>

<p><strong>Dato divertido</strong><strong>:</strong> Ned Beatty, famoso por <em>Superman</em> y <em>Deliverance</em>, interpreta el malvado pez gordo responsable de matar a la familia del camionero.</p>

<h2><em>They Drive by Night</em> (1940)</h2>

<p><a href=""https://www.youtube.com/watch?v=dZCbLFGYf9E"">Este thriller</a> protagonizado por George Raft y Humphrey Bogart puede ser la primera pel√≠cula de camioneros en obtener un gran √©xito. Bogart y Raft interpretan a los hermanos que dirigen un negocio de un solo cami√≥n que transporta mercanc√≠as dentro y fuera de Los √Ångeles. Hay asesinato, corrupci√≥n, amor prohibido y al menos un cami√≥n estallando en llamas mientras los hermanos luchan por construir su compa√±√≠a de camiones y no meterse en problemas.</p>

<p><strong>Dato divertido</strong><strong>:</strong> Bogart estaba al borde de una carrera legendaria cuando protagoniz√≥ <em>They Drive by Night.</em> En los pr√≥ximos a√±os, tendr√≠a papeles principales en cl√°sicos como <em>The Maltese Falcon, Casablanca</em> y <em>The Big Sleep.</em></p>

<h2><em>Coast to Coast</em> (1980)</h2>

<p>Dyan Cannon interpreta a Madie, una mujer acomodada pero neur√≥tica que escapa de un hospital psiqui√°trico estatal y conoce a un conductor malhumorado interpretado por <a href=""https://www.youtube.com/watch?v=X7xgZCKr6Wc"">Robert Blake</a>. El camionero se muestra reacio a ayudar a Madie hasta que se entera en secreto de la recompensa por devolverla al hospital. En alg√∫n lugar a lo largo de la carretera interestatal entre Nueva York y California, la pareja se enamora y evita a varios malos en el camino. La escena culminante implica un semi deslizamiento a trav√©s de una lujosa cena al aire libre organizada por el codicioso e in√∫til marido de Madie.</p>

<p><strong>Dato divertido:</strong> Blake obtuvo una nominaci√≥n al premio Razzie como Peor Actor de 1980 por su interpretaci√≥n del camionero Charles Callahan</p>

<h2><em>Maximum Overdrive</em> (1986)</h2>

<p>El terror y la comedia convergen en <a href=""https://youtu.be/20BeizHnW3s"">esta pel√≠cula dirigida por Stephen King</a>. El exconvicto y empleado de la parada de camiones, Emilio Est√©vez, usa armas de fuego y lanzacohetes para luchar contra una flota de camiones grandes que extra√±amente han cobrado vida. Las escenas de batalla posteriores presentan varios veh√≠culos cl√°sicos, incluido un M274 Mule y un Western Star 4800 ataviados con una m√°scara gigante de Green Goblin.</p>

<p><strong>Dato divertido</strong><strong>:</strong> La banda sonora de Maximum Overdrive consiste en su totalidad en canciones de AC/DC, incluidas ""<em>Hell's Bells</em>"" y ""<em>You Shook Me All Night Long.</em>""</p>

<h2><em>Christmas Comes to Willow Creek</em> (1987)</h2>

<p>No todos los camioneros de pel√≠culas son vaqueros enojados que buscan venganza. Algunos de ellos son <a href=""https://www.youtube.com/watch?v=de7yo4EtbJ8"">buenos muchachos</a> que solo intentan ayudarse unos a otros. Tom Wopat y John Schneider interpretan a los hermanos camioneros que deben entregar los regalos de Navidad en la atribulada ciudad de Willow Creek, Alaska. En el camino, los hermanos se enfrentan a una tormenta de nieve severa y a la esposa separada de Schneider, que est√° a punto de entrar en parto. Debido a que <em>Christmas Comes to Willow Creek</em> es una pel√≠cula de Hallmark hecha para televisi√≥n, ocurre un milagro navide√±o y al final todo sale bien.</p>

<p><strong>Dato divertido:</strong> La pel√≠cula fue una reuni√≥n de Wopat y Schneider, quienes interpretaron a los primos forajidos Bo y Luke en <em>The Dukes of Hazzard.</em></p>

<h2><em>Hoffa</em> (1992)</h2>

<p>Durante d√©cadas, Jimmy Hoffa fue uno de los hombres m√°s influyentes del pa√≠s como jefe del poderoso sindicato Teamsters. <a href=""https://www.youtube.com/watch?v=tTlAAEaxckQ"">Esta subestimada pel√≠cula</a> protagonizada por Jack Nicholson y dirigida por Danny DeVito sigue el ascenso de Hoffa a presidente del sindicato, sus tratos ocultos con la mafia y su misteriosa desaparici√≥n en 1975. Si est√° interesado en la historia de la industria del transporte por carretera, tiene que ver esta pel√≠cula.</p>

<p><strong>Dato divertido:</strong> A pesar de un gran presupuesto y un elenco de estrellas, Hoffa fue un fracaso para los cr√≠ticos y los cin√©filos. Nicholson obtuvo una nominaci√≥n al Razzie como Peor Actor de 1992.</p>
",0,Trucking,Trucking,,Spanish,1344,vhs-5gudf.jpg,https://www.rtsinc.com/sites/default/files/vhs-5gudf.jpg,,,No,"Bogart, Nicholson y actores menos conocidos toman su turno para conducir camiones grandes. ","<a href=""/users/dschneider"">31</a>",dschneider,1660227290,1671226025,0,/node/1699,1,1,0
773,1700,773,Blog Posts,C√≥mo Calcular el Costo de Combustible por Milla de sus Camiones,C√≥mo Calcular el Costo de Combustible por Milla de sus Camiones,"<p>Comprender cu√°nto dinero gana y gasta su empresa de transporte por milla es crucial para reservar cargas rentables.</p>

<p>Para calcular mejor los costos, ingresos y ganancias por milla de su flota, debe determinar la eficiencia de combustible de cada cami√≥n que opera. Espec√≠ficamente, necesita saber cu√°nto dinero gasta en di√©sel por cada milla que recorren sus camiones.</p>

<p>En promedio, los camiones obtienen alrededor de 6.5 millas por cada gal√≥n de combustible. Sin embargo, ese rendimiento var√≠a mucho, dependiendo de d√≥nde conduce, c√≥mo conduce y la antig√ºedad del cami√≥n.</p>

<h2><strong>Use los siguientes pasos para determinar el uso y el costo de combustible de millas por gal√≥n de un cami√≥n:</strong></h2>

<ol>
	<li>Llene completamente el tanque de combustible de su cami√≥n. Registre el n√∫mero de galones y la lectura del od√≥metro. Por ejemplo, hay que decir que su cami√≥n toma 200 galones de di√©sel y el od√≥metro marca 68,000 millas.</li>
	<li>La siguiente vez que valla llenar su tanque, anote el numero de galones necesarios para completamente llenar el tanque y la nueva lectura del od√≥metro. En este ejemplo, lleno 190 galones de di√©sel y el od√≥metro ahora marca 69,083.</li>
	<li>Reste la lectura anterior del od√≥metro con la lectura actual para determinar cuantas millas condujo con el √∫ltimo tanque de di√©sel: 69,083-68,000=1,083.</li>
	<li>Divida la cantidad de millas que condujo por el numero de galones que acaba de poner en su tanque: 1,083 dividido por 190 es igual a 5.7. La eficiencia de combustible de su cami√≥n es de 5.7 millas por gal√≥n.</li>
	<li>Ahora, puede calcular su gasto de combustible por milla. Tome el precio actual por gal√≥n de di√©sel ($2.10) y div√≠dalo por las millas por gal√≥n de su cami√≥n. Entonces, $2.10 divido por 5.7 es igual a 36.84 centavos. Si redondea ese n√∫mero, est√° gastando 37 centavos en combustible por cada milla que viaja su cami√≥n.</li>
</ol>

<h2><strong>Determinando Rentabilidad</strong></h2>

<p>Con esta informaci√≥n a mano, puede calcular con mayor precisi√≥n la rentabilidad de diferentes cargas para su cami√≥n. Por ejemplo, una carga de cami√≥n seco de Dallas a Huston le pagara su compa√±√≠a de camiones $1.89 por milla. Reste los 37 centavos por milla que espere gastar en combustible y vera una ganancia de $1.52 por milla antes de calcular el pago del conductor y otros costos.</p>

<p>Tenga en cuenta que las millas por gal√≥n de un cami√≥n cambiar√°n con el tiempo, seg√∫n el mantenimiento, las llantas del cami√≥n y las rutas recorridas. El costo por gal√≥n de di√©sel, por supuesto, aumenta o disminuye constantemente. El seguimiento continuo del uso de combustible y los gastos de cada uno de sus camiones garantizar√° una mayor precisi√≥n en la selecci√≥n de cargas y la determinaci√≥n de las tarifas de carga para su empresa.</p>

<h4><a href=""https://www.rtsinc.com/es/page/contactenos"">Si est√° interesado en reducir a√∫n m√°s sus costos de combustible, ¬°reg√≠strese para obtener una tarjeta de combustible de RTS!</a></h4>
",0,Fuel Savings,"Finance, Fuel Card, Trucking",,Spanish,1324,road-2fiud.jpg,https://www.rtsinc.com/sites/default/files/road-2fiud.jpg,,,No,Necesita saber lo que est√° gastando en di√©sel‚Äîhasta la √∫ltima milla.,"<a href=""/users/tdavis1652"">1652</a>",tdavis,1660242713,1661308129,,/node/1700,1,1,0
283,1701,283,Blog Posts,Recuerde Estas Deducciones Fiscales Para su Negocio de Camiones,Recuerde Estas Deducciones Fiscales Para su Negocio de Camiones,"<p>Ya sea que opere bajo su propia autoridad o arrienda a un transportista, cualquier gasto relacionado con el funcionamiento de su negocio de camiones es deducible de impuestos.</p>

<p>Abajo se presenta algunos gastos comerciales comunes que a veces se pasan por alto cuando los propietarios-operadores declaran sus impuestos.</p>

<h3><strong>Declarando Propiedad</strong></h3>

<p>Puede deducir cualquier equipo que utilice para su negocio que se deprecie con el tiempo. Esto incluye camiones, remolques, edificios, computadoras, fotocopiadoras, m√°quinas de fax y muebles.</p>

<h3><strong>P√©rdida Financiera por Da√±os</strong></h3>

<p>Durante el a√±o fiscal, si sus camiones o otros activos sufrieron da√±os por un accidente o condiciones clim√°ticas extremas, puede cancelar esos gastos.</p>

<h3><strong>Oficina de Casa</strong></h3>

<p>Para calificar para esta deducci√≥n, su oficina de casa debe ser el lugar principal donde administra su negocio.</p>

<h3><strong>Pr√©stamos o Hipotecas Relacionados con su Negocio</strong></h3>

<p>Usted puede deducir sus pagos de inter√©s del a√±o fiscal.</p>

<h3><strong>Tarifas de Tel√©fono y Acceso al Internet</strong></h3>

<p>El IRS le permite deducir 50% de las tarifas de acceso que paga por los tel√©fonos y otros dispositivos m√≥viles que utiliza para administrar su negocio.</p>

<h3><strong>Tarifas de Cajeros Autom√°ticos, Bancos y Tarjetas de Cr√©dito</strong></h3>

<p>Al igual que con los otros deducibles enumerados, solo puede cancelar las tarifas de transacci√≥n en las que incurre al realizar negocios.</p>

<h3><strong>Radio por Sat√©lite</strong></h3>

<p>Debido a que los camioneros frecuentemente usan el radio satelital para obtener informaci√≥n sobre el clima y el tr√°fico, el costo de una suscripci√≥n se puede deducir de sus impuestos.</p>

<h3><strong>Costos de Mantenimiento de Camiones</strong></h3>

<p>Se pueden deducir los gastos asociados con el mantenimiento y la limpieza del cami√≥n. Si hace sus propias reparaciones, puede deducir el costo de las piezas, pero no la mano de obra.</p>

<h3><strong>Combustible</strong></h3>

<p>Se pueden deducir los gastos de bolsillo del combustible y las tarifas de la tarjeta de combustible.</p>

<h3><strong>Licencias, Permisos y Honorarios del Gobierno</strong></h3>

<p>La mitad de su impuesto sobre el trabajo por cuenta propia es deducible. No puede deducir el costo de multas por exceso de velocidad, infracciones de peso o otras multas pagadas al gobierno.</p>

<h3><strong>Costos Diarios</strong></h3>

<p>El IRS le permite deducir un costo diario de comidas, alojamiento y otros gastos mientras est√° de viaje. Por lo general, cuesta alrededor de $63.00 por d√≠a. Esta deducci√≥n puede ser m√°s conveniente que guardar todos sus recibos. Si es un conductor aut√≥nomo que trabaja para un transportista, solo puede deducir los gastos de viaje en los que incurras que no sean reembolsados ‚Äã‚Äãpor el transportista.</p>

<h3><strong>Uniforme y Lavander√≠a</strong></h3>

<p>Si trabaja para un transportista que le exige usar el uniforme de la empresa, puede deducirlo en su declaraci√≥n de impuestos. Los costos de lavar la ropa mientras est√° es la carretera tambi√©n son deducibles de impuestos.</p>

<h3><strong>Planes de Jubilaci√≥n</strong></h3>

<p>Estos incluyen contribuciones a planes de jubilaci√≥n como un IRA o un plan Keogh para usted o su pareja.</p>

<h3><strong>Primas de Seguro</strong></h3>

<p>Sus deducciones pueden incluir primas pagadas en planes de seguro personales y de la empresa.</p>

<h3><strong>Arrendamiento de camiones</strong></h3>

<p>Bajo un contrato de arrendamiento con opci√≥n a compra, el 100% de los pagos de su cami√≥n son deducibles. Su dep√≥sito de seguridad no es deducible.</p>
",0,Accounting,"Accounting, Trucking",,Spanish,731,Dollar.jpg,https://www.rtsinc.com/sites/default/files/Dollar_0.jpg,,,No,Algunos gastos comunes pueden pasarse por alto en el momento de los impuestos.,"<a href=""/users/tdavis1652"">1652</a>",tdavis,1660316186,1661308129,,/node/1701,1,1,0
1208,1702,1208,Blog Posts,Lo que Debe Saber Sobre la Inspecci√≥n Anual del DOT,Lo que Debe Saber Sobre la Inspecci√≥n Anual del DOT,"<p>Cada 12 meses, los veh√≠culos motorizados comerciales (CMV) que pesan m√°s de 10,000 libras deben someterse a una inspecci√≥n por parte del Departamento de Transporte (DOT). Esta inspecci√≥n es para garantizar que todas las piezas est√©n en condiciones seguras y funcionando. Si no pasa la inspecci√≥n puede obtener multas, auditor√≠as y la suspensi√≥n de su autorizaci√≥n para operar por parte de la Administraci√≥n Federal de Seguridad de Autotransportes (FMCSA), que opera bajo la jurisdicci√≥n de DOT. Antes de enviar su inspecci√≥n anual del DOT, revise la siguiente informaci√≥n. Saber qu√© esperar puede subir su probabilidad de pasar la inspecci√≥n con problemas m√≠nimos.</p>

<h2><strong>Prepare Documentaci√≥n</strong></h2>

<p>La revisi√≥n de su documentaci√≥n requerida es tan importante como la inspecci√≥n f√≠sica de su veh√≠culo. Aseg√∫rese de tener los registros necesarios requeridos por la FMCSA, como prueba de seguro, registros de accidentes, documentaci√≥n del conductor (Por ejemplo, licencias, resultados de pruebas de drogas y alcohol, pruebas de manejo, capacitaciones) y m√°s.</p>

<h2><strong>Educar y Preparar a los Conductores y Empleados</strong></h2>

<p>Para una inspecci√≥n de DOT, usted puede ayudar a su compa√±√≠a educando a sus conductores. En lugar de correr el riesgo de que ciertos elementos de la inspecci√≥n se escapen, adopte un enfoque proactivo y tambi√©n implemente un programa educativo interno. Comunicaci√≥n con toda la compa√±√≠a regularmente sobre los requisitos quiere decir que usted no depender√° en un individual para mantener los protocolos de cumplimiento y seguridad necesarios para aprobar sus inspecciones anuales del DOT.</p>

<h2><strong>Mantenga el Veh√≠culo y Registros de Reparaci√≥n</strong></h2>

<p>Como era de esperar, una parte importante de pasar su inspecci√≥n anual del DOT ser√° mantener la condici√≥n de sus veh√≠culos. Para demostrar que se ha mantenido al d√≠a con el mantenimiento de sus camiones, deber√° ense√±ar registros de reparaci√≥n. Aseg√∫rese de mantenerse en contacto regular con los mec√°nicos durante todo el a√±o sobre el estado de los camiones, piezas, equipos y accesorios principales. Esto incluye asegurarse de que todos los registros de reparaci√≥n est√©n disponibles para los inspectores, de modo que puedan asegurarse r√°pidamente de que se hayan mantenido todas las reparaciones necesarias de inspecciones anteriores y que usted ha realizado la diligencia debida.</p>

<h2><strong>Use Listas de Verificaci√≥n</strong></h2>

<p>La mejor y m√°s eficiente manera de asegurarse de estar adecuadamente preparado para su inspecci√≥n anual del DOT es tener un sistema de lista de verificaci√≥n actualizado. Mantenga una lista de todo lo que necesite para pasar la inspecci√≥n¬†cada a√±o, incluyendo todos los requisitos de informes necesarios. Sepa cuales requisitos le aplican a usted y haga cada esfuerzo para estar sobre preparado en vez de poco preparado.</p>

<p>Aunque puede parecer una molestia cuando se acerca la fecha, la inspecci√≥n anual del DOT es una parte necesaria para mantener su autoridad legal. Tambi√©n ayuda a garantizar que est√© operando de manera segura como conductor de cami√≥n y/o propietario de flota. Mantenerse actualizado sobre los requisitos de inspecci√≥n y los cambios en las reglamentaciones de la FMCSA o el DOT es esencial para mantener un negocio pr√≥spero y optimizado.</p>

<h4>¬øDesea obtener m√°s informaci√≥n sobre lo que puede hacer para aumentar el √©xito de su empresa de transporte? ¬°Comun√≠quese con RTS hoy!</h4>
",0,"Regulation, Trucking","Regulations, Trucking",,Spanish,1746,Annual DOT Inspection Blog Article Image.jpg,https://www.rtsinc.com/sites/default/files/Annual%20DOT%20Inspection%20Blog%20Article%20Image.jpg,,,No,Saber lo que esperar de una inspecci√≥n anual de DOT le puede ayudarlo a aumentar su probabilidad de pasar la inspecci√≥n con problemas m√≠nimos. ,"<a href=""/users/tdavis1652"">1652</a>",tdavis,1660318001,1661308129,,/node/1702,1,1,0
1091,1703,1091,Blog Posts,Revisando las Calificaciones Crediticias de los Corredores de Carga,Revisando las Calificaciones Crediticias de los Corredores de Carga,"<p>Las sanciones se han vuelto m√°s pronunciadas para las empresas de corredores de carga que no tratan a los transportistas de manera justa, incluyendo pag√°ndoles a tiempo. Pero esto no ha impedido completamente a todos los corredores de un mal comportamiento. La posibilidad de problemas de pago puede representar un riesgo crediticio significativo para los transportistas de cualquier tama√±o, las empresas de camiones m√°s peque√±as deben tener cuidado especial. Con m√°rgenes tan peque√±as y altos costos operativos, perder incluso un solo pago de un corredor puede tener graves consecuencias para el √©xito a largo plazo de su negocio.</p>

<p>Abajo se presentan algunas formas de encontrar informaci√≥n importante sobre los corredores con los que planea trabajar:</p>

<h2><strong>Supervise el Cr√©dito a Trav√©s de un Tercero</strong></h2>

<p>Los servicios de informes crediticios de terceros pueden ayudarlo a verificar la calificaci√≥n crediticia del corredor y la informaci√≥n de d√≠as para pagar. Por ejemplo, encontrar un sistema con una aplicaci√≥n que rastree e informe sobre pagos e informaci√≥n crediticia de miles de agencias de transporte puede ser una herramienta √∫til. Este tipo de servicio puede producir informes crediticios detallados dise√±ados exclusivamente para los transportistas. Es inteligente evitar a los agentes de carga que representan un alto riesgo de cr√©dito y este tipo de servicios lo ayudan a tomar decisiones informadas.</p>

<h2><strong>Busque por Informaci√≥n Hist√≥rica</strong></h2>

<p>Cuando busque el corredor en la web, encontrar√° r√°pidamente su n√∫mero MC y n√∫mero DOT. Esta informaci√≥n le permitir√° identificar la compa√±√≠a de seguro del corredor y descubrir cu√°nto tiempo ha tenido el corredor una autoridad activa. Otro recurso para este tipo de informaci√≥n es el sitio web de la Administraci√≥n Federal de Seguridad de Autotransportes (FMCSA).</p>

<h2><strong>Haga Preguntas </strong></h2>

<p>Cualquier relaci√≥n de buen negocio, va a empezar con preguntando las preguntas correctas. Al examinar a un corredor y verificar el riesgo, tenga en cuenta estas preguntas espec√≠ficas.</p>

<ul>
	<li>¬øEl corredor de carga tiene la fianza requerida de $75,000?</li>
	<li>¬øCu√°nto tiempo han estado en el negocio?</li>
	<li>¬øC√≥mo le van a pagar?</li>
	<li>¬øTienen referencias que est√©n dispuestos a compartir?</li>
</ul>

<h2><strong>Conf√≠e en sus Instintos</strong></h2>

<p>Este es quiz√°s un consejo obvio, pero vale la pena repetirlo. Cuando el negocio est√° ocupado, puede ser f√°cil olvidar que sus instintos son su primera defensa contra el riesgo. ¬øC√≥mo es el servicio de atenci√≥n al cliente del corredor? ¬øAtienden el tel√©fono o responden r√°pido? ¬øTienen un sitio web funcional y f√°cil de usar? Un corredor que prioriza el servicio al cliente tiene muchas m√°s probabilidades de ser un socio confiable.</p>

<h4>¬øEst√° interesado en obtener informes crediticios gratuitos y acceso a soluciones de flujo de efectivo? ¬°Comun√≠quese con RTS Financial hoy!</h4>
",0,"Business, Finance, Trucking","Freight Brokers, Trucking",,Spanish,1599,checking credit score.jpg,https://www.rtsinc.com/sites/default/files/checking%20credit%20score.jpg,,,No,"Aunque la mayor√≠a de los corredores de carga mantienen pr√°cticas comerciales respetables, es importante que los transportistas examinen adecuadamente a los posibles corredores antes de trabajar con ellos. ","<a href=""/users/tdavis1652"">1652</a>",tdavis,1660319272,1661308129,,/node/1703,1,1,0